filename,width,height,class,xmin,ymin,xmax,ymax
rhumb-facea_jpg.rf.df66735310500ce74104bf5c89a0ed2b.jpg,224,224,Dog-ringworm,0,0,223,220
ringworm-skinw_jpg.rf.e226161f361499618a4b930769467c3b.jpg,224,224,Dog-ringworm,40,0,179,205
IMG_1342_JPG.rf.e802539afc5ba3461c9d5cf39d771e86.jpg,224,224,Dog-ringworm,34,0,207,195
IMG_1307_JPG.rf.f7ba4a9d7130e21b7ec75b2aacb1eb33.jpg,224,224,Dog-ringworm,0,3,167,221
IMG_1342_JPG.rf.f7281c323d3252f0b50fdb4fef438fcf.jpg,224,224,Dog-ringworm,0,27,209,223
IMG_1319_JPG.rf.eac7803b45feee09805661898cd1762c.jpg,224,224,Dog-ringworm,65,3,223,223
IMG_1281_JPG.rf.e27544906a9453cc49853d11f9f908ab.jpg,224,224,Dog-ringworm,0,0,222,209
IMG_1329_JPG.rf.f15140c6fb5f13eb1edd4d73701282d1.jpg,224,224,Dog-ringworm,1,4,192,223
,,,,,,,
spot3q_jpg.rf.fdfbd3fae522d94a1feb7ce4be8bd979.jpg,224,224,Dog-ringworm,7,8,181,212
spot3_jpg.rf.ed50adf9588a26a16f07361612008c99.jpg,224,224,Dog-ringworm,62,20,215,208
IMG_101134_jpg.rf.ebed0d70dbbedc7fa84bce626d5875f0.jpg,224,224,Dog-ringworm,5,0,223,208
IMG_1019_JPG.rf.e3db3bf0f2cfc693d1de34a78801cff5.jpg,224,224,Dog-ringworm,49,15,223,223
IMG_1010_JPG.rf.e9db5ad9e2152c3ba7120fc8cf17f52d.jpg,224,224,Dog-ringworm,15,5,213,210
,,,,,,,
ringworm-in-2-placesa_jpg.rf.efeb6e0653f9b227a55315bf2557fc88.jpg,224,224,Dog-ringworm,40,40,151,190
jfkifj_jpg.rf.ffeb93dbc4c07a6f563485e87a66ad89.jpg,224,224,Dog-ringworm,4,0,221,219
IMG_1242_JPG.rf.f6765480b5d473e9eb5fd96ef41d7330.jpg,224,224,Dog-ringworm,13,35,211,208
IMG_1295_JPG.rf.f75b85570ac8114d6bf1da45a5c29fdd.jpg,224,224,Dog-ringworm,0,0,187,222
IMG_1281_JPG.rf.fd677e7936ccb1c05ce33a1ec76462e9.jpg,224,224,Dog-ringworm,0,0,223,223
ring-worm-lesion-dog-260nw-1777400165_jpg.rf.e4027781e6895a2e759c23a49dc89675.jpg,224,224,Dog-ringworm,26,30,175,168
ringwormr_jpg.rf.f987a652fc4c691888bb72d0123053c1.jpg,224,224,Dog-ringworm,50,112,158,197
IMG_09934_jpg.rf.e54f25171ba08aa21aa785ac61fbda61.jpg,224,224,Dog-ringworm,6,3,222,196
ring-worm-lesion-dog-260nw-1777400165_jpg.rf.e983a0961ad94de4c8e8acefe67aa3c7.jpg,224,224,Dog-ringworm,26,19,184,168
rfhfyu_jpg.rf.eb02a4ac915c95d7b602fa8a6c78f417.jpg,224,224,Dog-ringworm,42,72,157,204
ringworm-in-2-places_jpg.rf.010e62860b086d43f781700e229ce701.jpg,224,224,Dog-ringworm,63,28,223,221
rfhfyu_jpg.rf.0056b0cab38f367790ddbcec0f2dcdc4.jpg,224,224,Dog-ringworm,2,67,139,194
IMG_1295_JPG.rf.0ae21fde0afbc755c2573e2b11246cb9.jpg,224,224,Dog-ringworm,0,16,223,224
IMG_101134_jpg.rf.0398c8df76ad4536069333f4b0361a8c.jpg,224,224,Dog-ringworm,10,31,208,210
,,,,,,,
ringworms_jpg.rf.0922a6b705729dfe079284db28427f55.jpg,224,224,Dog-ringworm,18,3,193,174
IMG_101134_jpg.rf.079f29b828f62c4cf137b37e26560c08.jpg,224,224,Dog-ringworm,0,8,198,223
IMG_1346_JPG.rf.0dba93b67aa899a4a28c298e2103b9e5.jpg,224,224,Dog-ringworm,27,0,205,220
spot3a_jpg.rf.08e5cd6d2004d0c772753e66466a356b.jpg,224,224,Dog-ringworm,53,27,206,205
,,,,,,,
ringworm-in-2-placesa_jpg.rf.0abfbc7922b1ff21e875d445a8169a16.jpg,224,224,Dog-ringworm,41,29,175,188
IMG_10093_jpg.rf.13e4c149d73c07ad168c720a4b3b3045.jpg,224,224,Dog-ringworm,0,6,139,224
IMG_1017_JPG.rf.11236d4e647565a44ff1ceb50a8c28c3.jpg,224,224,Dog-ringworm,70,0,214,218
IMG_0998_JPG.rf.0c4c4db398cd0137dbaefa0dd0d58fc0.jpg,224,224,Dog-ringworm,32,0,157,152
IMG_09934_jpg.rf.06bea4ef9c55d9b40e658c5b07bfff97.jpg,224,224,Dog-ringworm,0,0,224,223
IMG_1346_JPG.rf.19d5569a392f12a66e3b7cda4253313e.jpg,224,224,Dog-ringworm,15,0,190,222
IMG_0996_JPG.rf.0991666dee44be9826c820265df38c00.jpg,224,224,Dog-ringworm,22,0,203,222
sick-dog-inflammation-itching-swelling-260nw-1099340411qw_jpg.rf.14cafdf6139fccb8a2edbd97eb5265fb.jpg,224,224,Dog-ringworm,20,1,223,223
IMG_1285_JPG.rf.0956905a7223f2715209c25c0d174a27.jpg,224,224,Dog-ringworm,0,0,223,216
ringwormr_jpg.rf.143018f4117533c755689b69bad60a5c.jpg,224,224,Dog-ringworm,52,113,146,187
ringworm-in-2-places_jpg.rf.1899de12d857557a72965acc5bb4750f.jpg,224,224,Dog-ringworm,32,13,205,160
IMG_099_jpg.rf.2466584cdc5a0fcd5c71e4aec851d99a.jpg,224,224,Dog-ringworm,16,26,224,218
ringworm_jpg.rf.0e0524f22b759ab7ff5cdc5ba2327821.jpg,224,224,Dog-ringworm,13,33,223,223
IMG_1008_JPG.rf.1d3707c7deef10f83017c7c4fdf7c0dd.jpg,224,224,Dog-ringworm,57,0,223,220
IMG_1281_JPG.rf.19cb9fed5a46481d516b366d3f9455a3.jpg,224,224,Dog-ringworm,0,0,224,223
IMG_1242_JPG.rf.23a4e5a0f8d1e168e414a5886891f014.jpg,224,224,Dog-ringworm,9,10,224,184
ringworm-skina_jpg.rf.2573981afe19cb113d7f3f7f890b91c2.jpg,224,224,Dog-ringworm,0,9,185,209
IMG_0996_JPG.rf.18fa48b1f97608b3ce26177752ffab6b.jpg,224,224,Dog-ringworm,27,0,192,215
IMG_1022q_jpg.rf.208a69333207131582905d05245fdfb3.jpg,224,224,Dog-ringworm,48,0,223,175
IMG_1254_JPG.rf.28606e6b5deb8c8586461bf15506d959.jpg,224,224,Dog-ringworm,11,12,209,199
IMG_1342_JPG.rf.32a7f3c6e696c587990697811ad4095e.jpg,224,224,Dog-ringworm,0,15,202,216
IMG_1337_JPG.rf.313f1c9f1d75d7c71469e0200e785467.jpg,224,224,Dog-ringworm,0,0,173,200
IMG_1291_JPG.rf.2c5ec7416bfb4a1fc4cbe18eb19c5a00.jpg,224,224,Dog-ringworm,10,25,198,200
IMG_1336_JPG.rf.29c9629d5dcdf31ef3d8cb422c80c145.jpg,224,224,Dog-ringworm,0,0,223,223
IMG_1315_JPG.rf.2765f9294fbbe1c507ef5db2c34b0351.jpg,224,224,Dog-ringworm,18,45,223,194
IMG_0996_JPG.rf.3703409d3a559f755765f3ddd2917253.jpg,224,224,Dog-ringworm,27,0,183,214
IMG_1024_JPG.rf.2a0171c86f6fa2c0451d3b988fcfd282.jpg,224,224,Dog-ringworm,0,0,223,223
IMG_1258_JPG.rf.2d1cf0f9fbca45f2c9a3b118775933d2.jpg,224,224,Dog-ringworm,0,6,223,223
IMG_1226_JPG.rf.25760aa73a4dcc79229e16fd8d6a3146.jpg,224,224,Dog-ringworm,0,0,223,224
ringworma_jpg.rf.255eed272ac3e713722e1e4c5bfb02cc.jpg,224,224,Dog-ringworm,21,21,192,189
IMG_1337_JPG.rf.20689aa1a277d52de8b5dca5f7f8428f.jpg,224,224,Dog-ringworm,1,26,204,210
IMG_1008_JPG.rf.315b6d1a481c2a3442ee5b781bebd431.jpg,224,224,Dog-ringworm,76,0,223,222
,,,,,,,
IMG_099734_jpg.rf.38b3d8655abb4d14c6a8a1066385347e.jpg,224,224,Dog-ringworm,53,48,223,199
IMG_099_jpg.rf.37b422ab06d2bdacb899f2320d3796e0.jpg,224,224,Dog-ringworm,16,3,223,205
IMG_1017_JPG.rf.3aca8e274954b76e0703ca9b679c6d5b.jpg,224,224,Dog-ringworm,3,49,223,224
IMG_1009_JPG.rf.203f6579ce81c56ae4c8dcd7cbaabd3b.jpg,224,224,Dog-ringworm,0,6,221,219
ringworm-skina_jpg.rf.35149b057cf9a3669cbc3faf0f6e8086.jpg,224,224,Dog-ringworm,41,13,223,222
spot3a_jpg.rf.2ea90499175c3ba2f7e7ffcffc907b02.jpg,224,224,Dog-ringworm,22,20,193,202
vjzg3RJ4BxVPHHdlodWLAqor94WaVsbZoQ5zf5HHLFIq_jpg.rf.4672753734a04509f2fe78fc9a75abf6.jpg,224,224,Dog-ringworm,31,16,203,146
IMG_1329_JPG.rf.3c0783bde775625fa572960db59a877a.jpg,224,224,Dog-ringworm,0,22,163,223
ringworm-skin_jpg.rf.3b9f767e1811d9210d462555203720de.jpg,224,224,Dog-ringworm,35,1,223,200
IMG_1282_JPG.rf.475bc427e2d3b6ff4cdfdd5e755b6fac.jpg,224,224,Dog-ringworm,2,0,223,223
ringworm-skin_jpg.rf.47537b4f29ee6bf95035bd75b4a2c5a2.jpg,224,224,Dog-ringworm,40,22,220,215
ringworm_jpg.rf.3d75d688406a75e6bb24e0f2329c9160.jpg,224,224,Dog-ringworm,1,21,212,193
IMG_1321_JPG.rf.42ccacd74d1b298a4da16ed812a3c5fa.jpg,224,224,Dog-ringworm,0,0,223,215
ringworma_jpg.rf.4b59d0677b0cf7f91c1931bb4135bce4.jpg,224,224,Dog-ringworm,26,34,170,196
IMG_1011_JPG.rf.4afc23af66a1cbb5e92b261a8d82fb48.jpg,224,224,Dog-ringworm,0,0,224,223
IMG_1350--9-_JPG.rf.29e05d30e4c896016d78ed10e6cfe5d9.jpg,224,224,Dog-ringworm,39,36,191,187
rhumb-facea_jpg.rf.4a20fe231c1bd99f44a4b3c9a8977cf4.jpg,224,224,Dog-ringworm,12,0,223,223
spot3_jpg.rf.49dc0b018958e4695f57ce32936d81be.jpg,224,224,Dog-ringworm,60,26,188,201
IMG_1322_JPG.rf.3fa3134a02693def7156d5b36634e6f3.jpg,224,224,Dog-ringworm,18,19,140,158
IMG_099_jpg.rf.4170658ccfaf0e4448a0099b9a565fc6.jpg,224,224,Dog-ringworm,0,24,209,222
IMG_1011_JPG.rf.48fdc40670e6c9e5d3c34ab9c7496146.jpg,224,224,Dog-ringworm,0,0,223,223
IMG_10013658_jpg.rf.4cff0581dd0b3e0b84bf00b8d7f6aa54.jpg,224,224,Dog-ringworm,25,9,193,215
IMG_1011_JPG.rf.4a07955041e02039243291fe6baa1fd8.jpg,224,224,Dog-ringworm,7,0,223,218
IMG_1223_JPG.rf.4f855351223338367aefdfb65adfb67a.jpg,224,224,Dog-ringworm,10,5,210,193
IMG_1022q_jpg.rf.5712145fda85e69ed53c09eeaf72ed0a.jpg,224,224,Dog-ringworm,0,9,162,178
,,,,,,,
jfkifj_jpg.rf.5376a87224d0f389dc384d65bba44d4c.jpg,224,224,Dog-ringworm,0,0,224,223
ringworms_jpg.rf.5026b84303c52bd99be11842eb514728.jpg,224,224,Dog-ringworm,4,28,169,190
IMG_1010_JPG.rf.5ed0798693b7d6397bdeb6d4554f907c.jpg,224,224,Dog-ringworm,0,0,210,209
ringworm-skinw_jpg.rf.511739639b05e03861426bc4d0815888.jpg,224,224,Dog-ringworm,27,11,186,221
IMG_1005454_jpg.rf.508e982046e04eb2c7cd00a6bc3e2c1c.jpg,224,224,Dog-ringworm,37,30,221,196
IMG_1321_JPG.rf.60f34e6335e502dcdb5f388bfb713a50.jpg,224,224,Dog-ringworm,0,7,223,223
ringworm_jpg.rf.5f8843a99863e4939750ade5087f4604.jpg,224,224,Dog-ringworm,2,37,215,203
IMG_1315_JPG.rf.559377081a6a3e5d3bb979340cda17ea.jpg,224,224,Dog-ringworm,13,43,223,218
IMG_1291_JPG.rf.5a0ada13f4d38363ed6fdc7fbba4a651.jpg,224,224,Dog-ringworm,37,35,208,203
IMG_1284_JPG.rf.4fdc0551ca772767f521520b96eae0a1.jpg,224,224,Dog-ringworm,5,0,201,223
rhumb-face_jpg.rf.662f3e6770a29b57afb690bbb5f81c56.jpg,224,224,Dog-ringworm,0,0,206,224
IMG_1031a_jpg.rf.59f1210f0f533865cf61781e7a8ae6a0.jpg,224,224,Dog-ringworm,0,0,223,223
00c178a207df75148d0925bafa570632718a934f_jpg.rf.4e45bb512588f97bd2bda52f828d2693.jpg,224,224,Dog-ringworm,5,78,217,223
IMG_09971325_jpg.rf.6ae8e4ebc447b0bd8a3341f54a5992e7.jpg,224,224,Dog-ringworm,17,76,192,221
IMG_1022_JPG.rf.5c6a83db5f7742fbe28a5b6a23d5abaf.jpg,224,224,Dog-ringworm,58,11,223,209
IMG_1024_JPG.rf.630e28898e034f547d1b70ad72099a27.jpg,224,224,Dog-ringworm,0,2,222,214
IMG_1022w_jpg.rf.6c3590ea108ddeaf4d8a091ed9e7cf66.jpg,224,224,Dog-ringworm,0,23,208,223
IMG_10093_jpg.rf.659d6d60b8cc025dee7190899b9806ff.jpg,224,224,Dog-ringworm,78,23,223,223
IMG_10013658_jpg.rf.66c8722bd79021c48bb52d613a57091a.jpg,224,224,Dog-ringworm,18,21,208,222
IMG_1307_JPG.rf.6fdacb10ab18b0ae5c38251bf3b4475f.jpg,224,224,Dog-ringworm,5,49,223,223
IMG_1307_JPG.rf.7106440e819b718f9805d6f619a3bae7.jpg,224,224,Dog-ringworm,0,0,159,212
IMG_1008_JPG.rf.7146d50000f7847b6875aaf05e5bb293.jpg,224,224,Dog-ringworm,0,59,220,223
IMG_1282_JPG.rf.65528f68b5750f4a71b27d1e2900384b.jpg,224,224,Dog-ringworm,19,0,221,220
00c178a207df75148d0925bafa570632718a934f_jpg.rf.6b90401301bf82ac75222cea91147090.jpg,224,224,Dog-ringworm,70,1,223,186
IMG_1226_JPG.rf.6ebe7e8b667487fce8e50d1e9622ca68.jpg,224,224,Dog-ringworm,0,0,213,223
7_jpg.rf.747c7262f867d3714591a93b1207472c.jpg,224,224,Dog-ringworm,0,0,223,223
rhumb-facea_jpg.rf.80f63be17b047d84cb49beb1f9b56c14.jpg,224,224,Dog-ringworm,15,0,223,222
vjzg3RJ4BxVPHHdlodWLAqor94WaVsbZoQ5zf5HHLFIa_jpg.rf.7e68d4c9795658d99b53c14b044851fb.jpg,224,224,Dog-ringworm,27,31,175,154
sick-dog-inflammation-itching-swelling-260nw-1099340411qw_jpg.rf.748e7f553b5b4f1d046421aa4e1a30f3.jpg,224,224,Dog-ringworm,21,28,223,223
IMG_099824_jpg.rf.84c13e518dd037ab8757d05a8549ec3a.jpg,224,224,Dog-ringworm,57,22,160,223
IMG_1009_JPG.rf.794a0e16293099c9df929d881f9acd34.jpg,224,224,Dog-ringworm,15,0,213,208
IMG_1019_JPG.rf.857bc940207990d060b91a29bf16bbb8.jpg,224,224,Dog-ringworm,40,0,223,221
rhumb-facert_jpg.rf.85d990b5baae1a227c788e7e2e1b13da.jpg,224,224,Dog-ringworm,20,14,207,211
IMG_1017_JPG.rf.7a801c6f7d91225bdeb8c18362ea5f5a.jpg,224,224,Dog-ringworm,0,63,217,222
IMG_10093_jpg.rf.8170dcd85b9d50f087f0f66b4763b361.jpg,224,224,Dog-ringworm,0,20,125,216
IMG_10013658_jpg.rf.7ed01fb8b8289ef04c35d43d4e7d32b6.jpg,224,224,Dog-ringworm,12,0,223,209
IMG_1223_JPG.rf.71378bace89275c2997f36fe73a8c357.jpg,224,224,Dog-ringworm,34,0,223,220
IMG_1031a_jpg.rf.73e72c44557d5487607a61a6fa3351c1.jpg,224,224,Dog-ringworm,0,0,224,223
IMG_09971325_jpg.rf.89d964312cf394a9f7120df358459653.jpg,224,224,Dog-ringworm,15,89,194,223
IMG_1354--13-_JPG.rf.83eb4bcbe40b2612c94bc458bcc64259.jpg,224,224,Dog-ringworm,0,0,200,188
IMG_1024_JPG.rf.7e903facd26b33cd8d0bc8036227e834.jpg,224,224,Dog-ringworm,0,0,224,223
IMG_1254_JPG.rf.6d67e47704d59a16a2b9fd51106de43e.jpg,224,224,Dog-ringworm,25,16,196,198
ringworma_jpg.rf.7bf1a304074485154330df764fc1e35f.jpg,224,224,Dog-ringworm,10,23,174,200
IMG_1319_JPG.rf.8aa15468476eb1f1d05c06a9c55818af.jpg,224,224,Dog-ringworm,0,0,166,223
spot3q_jpg.rf.8d0a89e89536220aa3e235b67b2cfeaa.jpg,224,224,Dog-ringworm,34,16,204,152
IMG_1254_JPG.rf.8906243dc4d0d59ec287cfd27eb74ffd.jpg,224,224,Dog-ringworm,0,0,216,216
IMG_1024t_jpg.rf.8a996d2f5ef625e394e0c2a0dacaec2b.jpg,224,224,Dog-ringworm,0,0,193,208
IMG_1295_JPG.rf.919662f26cb545d91ce20ef595cf721f.jpg,224,224,Dog-ringworm,29,0,223,212
,,,,,,,
vjzg3RJ4BxVPHHdlodWLAqor94WaVsbZoQ5zf5HHLFIq_jpg.rf.9178337a0df9f48c317a72e01f82cc6f.jpg,224,224,Dog-ringworm,5,21,177,153
IMG_1284_JPG.rf.91ac17297e6ffb5b4ac99ae032fd7f46.jpg,224,224,Dog-ringworm,35,0,220,223
IMG_1022_JPG.rf.9092d8ee4bd08528bc37c40fde7f51a5.jpg,224,224,Dog-ringworm,51,6,223,218
spot3q_jpg.rf.9a83b8791bdfb2f9f56a1d04be08e955.jpg,224,224,Dog-ringworm,34,16,223,183
ringworms_jpg.rf.900869a8e0681027859a6fae84bbfef6.jpg,224,224,Dog-ringworm,17,29,178,191
ringworm-skin_jpg.rf.9466b2f5e0a8f7f3b574040d7a54e057.jpg,224,224,Dog-ringworm,37,7,223,202
IMG_1031a_jpg.rf.99d164e6eb62add0e5f619b72f7a6169.jpg,224,224,Dog-ringworm,0,0,223,223
00c178a207df75148d0925bafa570632718a934f_jpg.rf.99439c9bd956d302d22c1eb541d13808.jpg,224,224,Dog-ringworm,3,75,218,223
IMG_0998_JPG.rf.9b1e310cc595a452502d1f669c318b82.jpg,224,224,Dog-ringworm,69,73,182,212
spot3_jpg.rf.9df369ae4d56693a8c5c7164b5860b1c.jpg,224,224,Dog-ringworm,17,23,164,211
IMG_1350--9-_JPG.rf.952b03a7e59cab1919b97d9a9fef641a.jpg,224,224,Dog-ringworm,30,25,178,171
IMG_10113_jpg.rf.9d3d352faa068e7076c5026f7d6fd32e.jpg,224,224,Dog-ringworm,5,6,223,223
ringworm-skinw_jpg.rf.966c02ce1fbb7b2649a86be9af873621.jpg,224,224,Dog-ringworm,12,0,201,223
rhumb-face_jpg.rf.99b23d1e4da2c53c0a34eb9ef6d79832.jpg,224,224,Dog-ringworm,11,26,223,222
sick-dog-inflammation-itching-swelling-260nw-1099340411qw_jpg.rf.a34fe90069a1752ae3de6476ba2b9616.jpg,224,224,Dog-ringworm,0,0,200,208
IMG_1009_JPG.rf.9f48aa3bbdea3eea260ce081d66cfa86.jpg,224,224,Dog-ringworm,21,0,223,220
IMG_1291_JPG.rf.947e2117cff7aa2e40fd53d49fe900d9.jpg,224,224,Dog-ringworm,45,24,223,193
IMG_10113_jpg.rf.9d30b5b22a1636a70576448ad1264801.jpg,224,224,Dog-ringworm,28,24,221,200
ringworm-in-2-placesa_jpg.rf.9e0f51e6bf77b70120c55f556a5df345.jpg,224,224,Dog-ringworm,35,44,197,166
ringworm-skina_jpg.rf.9be7108a922c0a32e74cb70375cc7554.jpg,224,224,Dog-ringworm,27,9,222,212
IMG_1282_JPG.rf.9de86d3da38e4d6602edb4cda9df30b2.jpg,224,224,Dog-ringworm,0,0,222,212
IMG_1024t_jpg.rf.a31bb5ed545738404f76c82ae88bb55c.jpg,224,224,Dog-ringworm,23,2,223,217
rfhfyu_jpg.rf.8ece23585de1ff5a9f656e6ba9a20c15.jpg,224,224,Dog-ringworm,45,80,174,211
ringwormr_jpg.rf.a5f91cd231986e919901a20f96e399b6.jpg,224,224,Dog-ringworm,107,28,201,137
IMG_1336_JPG.rf.9e22000f1fa689a412d375b83a4d1a50.jpg,224,224,Dog-ringworm,0,17,223,223
IMG_1022w_jpg.rf.a27f64eaf4fd328a16dd0f7146011e11.jpg,224,224,Dog-ringworm,2,33,220,223
IMG_1022q_jpg.rf.a3911a37f44fbc9e5802f4a1268cb366.jpg,224,224,Dog-ringworm,3,39,173,222
IMG_1223_JPG.rf.a6749d85f6c96e98bee59c81bc339fb8.jpg,224,224,Dog-ringworm,1,0,222,194
IMG_09934_jpg.rf.9dc09b42e0c16772f5447054c2a27801.jpg,224,224,Dog-ringworm,12,14,223,202
IMG_1350--9-_JPG.rf.a64a86a7e148ee9b874e9a696824bec4.jpg,224,224,Dog-ringworm,52,25,193,176
IMG_1226_JPG.rf.a82ddcb7512cd27b664ef3ca1c1fc392.jpg,224,224,Dog-ringworm,0,0,213,223
IMG_099824_jpg.rf.a87da940505cc2e17d0c80d2dd546f78.jpg,224,224,Dog-ringworm,22,56,223,190
IMG_10113_jpg.rf.a3fbb93a4e895b0fa09367486667d750.jpg,224,224,Dog-ringworm,7,21,200,213
IMG_1319_JPG.rf.a38191bbb54a6d5c890954f6ea327512.jpg,224,224,Dog-ringworm,52,0,223,222
ringworm-in-2-places_jpg.rf.a59a18ad7941860d955fe97e25441aa9.jpg,224,224,Dog-ringworm,77,17,223,193
IMG_1337_JPG.rf.a37d2575810f800096f198f717be50b3.jpg,224,224,Dog-ringworm,27,35,177,223
IMG_1005454_jpg.rf.a760be86f13c6c51bb4799bfe56944ee.jpg,224,224,Dog-ringworm,24,17,187,204
IMG_09971325_jpg.rf.b156957e50f2f83b64004ff85b00ddd4.jpg,224,224,Dog-ringworm,30,0,205,132
7_jpg.rf.a8a638678c651fed1a1442a91d4ce474.jpg,224,224,Dog-ringworm,8,0,219,217
IMG_1285_JPG.rf.a97cc52738643662d1d2722665d7eb39.jpg,224,224,Dog-ringworm,21,0,203,216
vjzg3RJ4BxVPHHdlodWLAqor94WaVsbZoQ5zf5HHLFIa_jpg.rf.b5a4f4d191d15b0ee9ba56f082a56035.jpg,224,224,Dog-ringworm,56,42,192,196
spot3a_jpg.rf.b2e6e275bee4f89cd58c9dee1dab6e53.jpg,224,224,Dog-ringworm,39,27,201,206
IMG_1284_JPG.rf.b9a90135bdde9591206dc465abe893d7.jpg,224,224,Dog-ringworm,0,0,210,223
IMG_1322_JPG.rf.ba35c0b23037de668bd1922261f5690c.jpg,224,224,Dog-ringworm,17,30,166,162
IMG_1242_JPG.rf.c44d07288ac897ac27532ea214fa80ff.jpg,224,224,Dog-ringworm,0,3,188,220
rhumb-face_jpg.rf.c76b85c5fa9789018621e72072c3eb5b.jpg,224,224,Dog-ringworm,0,8,217,219
IMG_1354--13-_JPG.rf.b4b50d1f915b583d7a1dba22afe7f289.jpg,224,224,Dog-ringworm,0,0,173,194
IMG_099734_jpg.rf.c2d79adee05870e800a108785db723f8.jpg,224,224,Dog-ringworm,21,49,172,223
IMG_1322_JPG.rf.bda1e7d20dc9f5db994566770bb86178.jpg,224,224,Dog-ringworm,79,6,216,163
IMG_1285_JPG.rf.c32476753b053c83834527c137d42bcd.jpg,224,224,Dog-ringworm,5,6,202,223
ring-worm-lesion-dog-260nw-1777400165_jpg.rf.b4a4cc3aa399b0e1a04a68285f8d24fb.jpg,224,224,Dog-ringworm,54,58,214,202
7_jpg.rf.bba9b65601cae61bb2e33160b6b0c882.jpg,224,224,Dog-ringworm,2,3,223,223
vjzg3RJ4BxVPHHdlodWLAqor94WaVsbZoQ5zf5HHLFIa_jpg.rf.c4af60c0131fff8df1616927dc5aabe4.jpg,224,224,Dog-ringworm,35,38,161,181
IMG_1354--13-_JPG.rf.bfa7e11caec682fac3b696cf88da0e0b.jpg,224,224,Dog-ringworm,68,37,219,222
IMG_1329_JPG.rf.bbabc1fc018ace8a0ea010152d1ec9c7.jpg,224,224,Dog-ringworm,1,40,204,221
jfkifj_jpg.rf.cffecde2b26acb45ac1f60be2aa1a103.jpg,224,224,Dog-ringworm,0,0,223,221
,,,,,,,
IMG_099734_jpg.rf.ce23c4b00414a6bc55e6bac9b5fd08e7.jpg,224,224,Dog-ringworm,11,56,199,214
IMG_1022w_jpg.rf.c0e4cef2b16178f8943f100cc59f04aa.jpg,224,224,Dog-ringworm,0,8,194,179
IMG_1010_JPG.rf.c5efa14a569738bccd2287e4dadf9c04.jpg,224,224,Dog-ringworm,16,7,215,207
IMG_099824_jpg.rf.c92eaa2f133f7dae94d8c4961645bfbe.jpg,224,224,Dog-ringworm,68,23,178,223
IMG_1258_JPG.rf.d6e434e8284dfbdb29c1dcaa960839fa.jpg,224,224,Dog-ringworm,2,0,211,218
IMG_1336_JPG.rf.d11ec2ac17299f5e24c76646cf246b2a.jpg,224,224,Dog-ringworm,11,0,223,194
vjzg3RJ4BxVPHHdlodWLAqor94WaVsbZoQ5zf5HHLFIq_jpg.rf.d8a17540ddbdaa5af882073611520e0f.jpg,224,224,Dog-ringworm,46,41,209,158
rhumb-facert_jpg.rf.d84107f2a078157b6376349c52625249.jpg,224,224,Dog-ringworm,26,0,223,202
IMG_1005454_jpg.rf.db10a686cad780cfdf30965d10b6d496.jpg,224,224,Dog-ringworm,36,14,211,191
IMG_1321_JPG.rf.b34d31bb9487d5ff5df99341af17028a.jpg,224,224,Dog-ringworm,2,0,223,223
IMG_1258_JPG.rf.db45e0dd29394fc0aa579988e79624fc.jpg,224,224,Dog-ringworm,4,16,223,209
rhumb-facert_jpg.rf.da38dc4bc48efe78282d2116f9c79f30.jpg,224,224,Dog-ringworm,0,8,196,217
IMG_1315_JPG.rf.df188a6863fd45de165d7925f981facd.jpg,224,224,Dog-ringworm,7,36,222,197
IMG_1022_JPG.rf.d16bca4bb4ad6f5190c323e4c4ec6b83.jpg,224,224,Dog-ringworm,11,5,200,167
IMG_0998_JPG.rf.da47b1be581b7d4b69aaaecf155ea438.jpg,224,224,Dog-ringworm,32,0,152,152
IMG_1346_JPG.rf.dc823224e2ded572ad407b9ae4cc0d25.jpg,224,224,Dog-ringworm,0,20,222,213
IMG_1019_JPG.rf.dc699f45b9f5fcb244c1cfc5c146ac12.jpg,224,224,Dog-ringworm,0,0,200,223
IMG_1024t_jpg.rf.d8ef69b1d43d7305341b96e4c2721ea6.jpg,224,224,Dog-ringworm,22,8,222,221
2u_jpg.rf.e5fb3c10cb068aae59cdceb4e5377673.jpg,224,138,cat-ringworm,68,35,163,137
33e_png.rf.e95f8e6596cdad22cadb84e92f18432f.jpg,140,224,cat-ringworm,0,35,139,189
2009-2652-Yegar-M-Canis-Cafhwas_jpg.rf.fcbed35cce216f2e6967528e4571f726.jpg,224,206,cat-ringworm,2,6,217,179
44e_png.rf.edca32194ab945df55da8452e026036b.jpg,224,150,cat-ringworm,13,38,199,149
44w_png.rf.f5fadacda05767c3150810b52b1fe376.jpg,167,224,cat-ringworm,0,9,166,223
36p_png.rf.f9f32d1c90e396f4d86381de17e45413.jpg,98,224,cat-ringworm,0,7,97,152
2009-2652-Yegar-M-Canis-Cafhw_jpg.rf.f12e76361d1511bd4a7fb1265ef9fe2b.jpg,205,223,cat-ringworm,0,34,156,195
32t_png.rf.faff9eae495f3f1db156fe0c07e969ae.jpg,125,224,cat-ringworm,0,64,107,184
46w_png.rf.efd9b931f0b448f482a33f22b198d198.jpg,224,208,cat-ringworm,25,0,223,206
3s_png.rf.fb8d6daeabbdb4ca907413368cb9f403.jpg,223,205,cat-ringworm,33,61,203,203
33w_png.rf.eeac8189c37bcab3196eef27085fe46d.jpg,224,219,cat-ringworm,0,43,172,218
2o_jpg.rf.ecf2f7950715c57332a348d0baa3d2dc.jpg,210,224,cat-ringworm,37,27,185,194
37_PNG.rf.e673b8306361b8ded18f251cf475674d.jpg,224,133,cat-ringworm,22,22,140,116
44e_png.rf.fcd79641e833bdeca2fcd4c21916e350.jpg,224,150,cat-ringworm,30,26,222,149
32qu_png.rf.f91ffbf4b6178fa09d53c6585a2a377b.jpg,224,164,cat-ringworm,27,15,152,158
36p_png.rf.f0a8c79e271aae3bfd382026d7935f84.jpg,98,224,cat-ringworm,0,3,97,158
1w_png.rf.effa85249b457505082c1b4cac05abe9.jpg,224,196,cat-ringworm,71,65,170,193
00c178a207df75148d0925bafa570632718a934f_jpg.rf.f2d6d56bc7e3f6ef7f9f9f19face403c.jpg,224,149,cat-ringworm,37,6,164,137
49w_png.rf.e742b617a14326488b699a39f0b20fd3.jpg,146,224,cat-ringworm,0,63,145,223
36y_png.rf.fe486bc4a316a5dcf175becc8507b3af.jpg,158,224,cat-ringworm,2,18,155,171
1t_png.rf.f00162e666c33ebfb63221e0ed88d5f8.jpg,224,147,cat-ringworm,71,33,163,143
33_PNG.rf.f4d8363dc53a207950e515567a3242c9.jpg,224,189,cat-ringworm,1,0,223,188
33q_png.rf.e703973845d2a6aabd72a28aca573f44.jpg,224,119,cat-ringworm,124,0,223,80
41_PNG.rf.f68463fb0d4092504a299ff4d7c3300d.jpg,223,168,cat-ringworm,54,9,172,141
42q_png.rf.f95c6e731220e7e6061ee647b0f0e29a.jpg,224,130,cat-ringworm,2,12,223,129
0db6879c_RWBacka_jpeg.rf.fae5ed0f903ef83550e9ef582defcc85.jpg,224,185,cat-ringworm,52,27,151,117
43_PNG.rf.fe5dbde08098fe0cf90d3d9cef6826b2.jpg,165,223,cat-ringworm,46,56,152,166
1a_png.rf.ff9e8a4aa1cebc214230c3247e951c3c.jpg,218,224,cat-ringworm,39,18,208,161
33qw_png.rf.00d7ad08c4ab9b0940bf90699c79df63.jpg,158,224,cat-ringworm,0,33,157,196
1_PNG.rf.058037a337afa6bf63870ae2dd27a3b4.jpg,194,224,cat-ringworm,7,72,125,201
3s_png.rf.072d1457082acefc0cb7ab5bb53fae43.jpg,223,205,cat-ringworm,11,4,158,178
32qy_png.rf.0627bd45721ac8642b5d3b8526a478af.jpg,136,224,cat-ringworm,0,60,116,182
1a_png.rf.07508180778f709bfa97d023cc2c1087.jpg,218,224,cat-ringworm,29,7,212,169
32qu_png.rf.090d479dc6907234c93d462dc2d17ce4.jpg,224,164,cat-ringworm,22,13,158,163
36t_png.rf.0a12287c8f917d495d4ff11511f0a391.jpg,224,196,cat-ringworm,40,22,175,143
11jj_png.rf.0dec8015e1da7a5a20d6bf62acfa1e91.jpg,156,224,cat-ringworm,0,36,154,170
42_PNG.rf.09d89cdac90837ef08ddcac524b5b00c.jpg,224,168,cat-ringworm,48,10,214,167
33i_png.rf.0985459dacea89db93d23bd1b9a2eddc.jpg,201,224,cat-ringworm,0,0,200,223
0db6879c_RWBack_jpeg.rf.0b18f3131825a2351c3e971c3a22e59a.jpg,156,224,cat-ringworm,0,2,139,186
2w_jpg.rf.0a0c6cd2d7917728d9a525b818c1e9a4.jpg,149,224,cat-ringworm,0,51,131,181
42e_png.rf.0a908f7f58fbbb8fd3851958dabd9376.jpg,209,223,cat-ringworm,0,0,208,222
43u_png.rf.0c9ba448a7c8b2d92c86fd24a805afb6.jpg,182,224,cat-ringworm,13,35,167,209
33e_png.rf.0cdba0712a110dd701726b052556ca0e.jpg,140,224,cat-ringworm,0,46,139,177
11a_png.rf.10510be9c8802ff82cca1593602d0235.jpg,178,224,cat-ringworm,0,4,163,148
42_PNG.rf.14b58fe2c104f9ae37f052911f0b7bc9.jpg,224,168,cat-ringworm,11,3,173,162
32qt_png.rf.0a5d2581e59181472654848fe037eb75.jpg,88,224,cat-ringworm,3,31,87,203
43t_png.rf.115fb463c14fb269c81ed6c4a417def0.jpg,224,193,cat-ringworm,0,0,223,190
36o_png.rf.14f31e173d40ddb5034fabc02491ef0b.jpg,224,122,cat-ringworm,69,58,160,120
1w_png.rf.0e7cd9141de0aa5dd964b583997a6be8.jpg,224,195,cat-ringworm,64,0,192,144
44e_png.rf.10d97b619a0d12ea5fc6b11b8959af81.jpg,224,150,cat-ringworm,39,0,148,149
44w_png.rf.0c6bba136a9dfadff0570e5eec5195c3.jpg,167,224,cat-ringworm,0,29,166,187
37y_png.rf.19ba7f5e8128f9dc3312c036ed82737c.jpg,106,224,cat-ringworm,0,32,105,192
15a_png.rf.185f6fff016a8bfcab8a01f30e1cb2ff.jpg,182,224,cat-ringworm,0,36,145,171
2i_png.rf.14a923beb38124d6e8c8ddc882fac9e8.jpg,194,224,cat-ringworm,0,15,192,202
33r_png.rf.19e6db16234106313352cb2915bf7db6.jpg,215,224,cat-ringworm,0,50,205,223
2009-2652-Yegar-M-Canis-Cafhw_jpg.rf.23c2fa0959212188462a63ad6b7c5522.jpg,206,224,cat-ringworm,38,11,204,196
44q_png.rf.20d2c18b477b34e210acd720716f93d9.jpg,224,178,cat-ringworm,15,25,191,177
4_PNG.rf.1705e4f0bc151360e7d5b7a6e7391433.jpg,224,213,cat-ringworm,38,6,221,212
2o_jpg.rf.0dff9c1130c0b670f663a9d606459451.jpg,210,224,cat-ringworm,21,23,179,198
4a_png.rf.1c2a4397827d0948c34045a0709a763a.jpg,223,165,cat-ringworm,12,0,222,164
32qw_png.rf.2c9a490cd6b0556cca8d28efa81afad3.jpg,178,224,cat-ringworm,0,34,156,196
36u_png.rf.2317ae4e290951d2fd73be497c4173af.jpg,224,115,cat-ringworm,62,30,161,114
33qw_png.rf.2bcc12d422fd62d5a74e8d1956304efc.jpg,158,224,cat-ringworm,0,29,157,200
44w_png.rf.236327811006437eb99604547a645a99.jpg,167,224,cat-ringworm,0,13,164,223
42e_png.rf.2181978dc643c25d4cd9f9542525159e.jpg,210,224,cat-ringworm,0,0,208,222
1_PNG.rf.1b9f8619c7151737d37ca1e2d494ead7.jpg,194,224,cat-ringworm,10,30,120,152
2u_jpg.rf.27d5a924769abf0672aaaff592ee2065.jpg,224,140,cat-ringworm,57,0,169,111
43t_png.rf.2749a93a7ee477d008aedc56fd61f507.jpg,224,193,cat-ringworm,8,0,193,192
37w_png.rf.25537f2fd0c7ba9b58003ff1c2bfe7d6.jpg,117,224,cat-ringworm,30,69,116,166
32t_png.rf.2b44dc2642c03995780b0761aa7ac961.jpg,126,224,cat-ringworm,26,65,124,177
37y_png.rf.26fc3b2b4d723f660e35c72793ba6689.jpg,108,224,cat-ringworm,0,63,105,163
00c178a207df75148d0925bafa570632718a934f_jpg.rf.2d900740875b9f8b989805c12a34bb61.jpg,224,150,cat-ringworm,58,4,190,139
33qt_png.rf.2fdc998459b83ce0d889519c32ae688b.jpg,148,224,cat-ringworm,0,6,147,218
33qt_png.rf.2992b1cd1013be511293c016dcc02280.jpg,148,224,cat-ringworm,0,41,147,175
38t_png.rf.34f74b65c4347e09f239f43649a8e5eb.jpg,224,100,cat-ringworm,57,0,151,99
32qu_png.rf.3565b19079b76372eaee71db75e47f5e.jpg,224,164,cat-ringworm,32,35,187,163
1t_png.rf.3055ed541b8607ffc4f1e00c0ede916f.jpg,224,147,cat-ringworm,73,34,181,122
43_PNG.rf.2aa03f6a218ed51b78fa0ddf76244707.jpg,165,223,cat-ringworm,11,55,122,170
2i_png.rf.2e3653bd9b6596481523ce1e4c4d39dd.jpg,193,224,cat-ringworm,0,18,192,199
49q_png.rf.3e94db82a326a0790416ebc2d7ace800.jpg,224,145,cat-ringworm,0,12,150,144
36y_png.rf.379afc4e77c48890bb2660112f2dea19.jpg,156,224,cat-ringworm,22,32,155,185
43q_png.rf.36f55c73db9f0e9644c33065d171076b.jpg,223,117,cat-ringworm,18,0,216,111
2a_png.rf.4230c57a31f0ceea1adaa46519a87b4b.jpg,224,148,cat-ringworm,54,0,182,112
0db6879c_RWBack_jpeg.rf.3ec8aeffdaa7ec6b072c2dd60e89b1e6.jpg,155,223,cat-ringworm,11,0,154,192
49w_png.rf.40eb6be7cbc60f75ba7f1a952e0a88e8.jpg,146,224,cat-ringworm,23,38,145,189
0db6879c_RWBacka_jpeg.rf.2cd60aa9e1d46949817731660c8ebb8e.jpg,224,185,cat-ringworm,90,49,179,147
36q_png.rf.445b28ec1f3cff6ee0f21e205962190e.jpg,206,224,cat-ringworm,30,2,194,186
33w_png.rf.3ef2e727e97484aba0f81a4a86e60756.jpg,224,219,cat-ringworm,0,0,162,172
11jj_png.rf.336ed25bf6806e79a070daa0478ed515.jpg,155,224,cat-ringworm,15,14,154,207
33i_png.rf.4b36e90cbee4e9973162572063beeff9.jpg,202,224,cat-ringworm,0,0,200,223
33q_png.rf.3c5e04e84d4a0498d25589ae72e9fb0a.jpg,224,119,cat-ringworm,50,0,136,42
11a_png.rf.43613e337172aaa37899489716db755a.jpg,178,224,cat-ringworm,0,25,130,205
36y_png.rf.3dc18edf5f1f6f31a29e88b32a427b0c.jpg,158,224,cat-ringworm,0,28,135,178
43q_png.rf.4d841995c2c78016360247cc89be558e.jpg,224,118,cat-ringworm,6,0,208,115
3s_png.rf.4bba9c337060a0730e29278b2b075b42.jpg,223,205,cat-ringworm,16,13,150,176
33p_png.rf.4e8fa918f63738346fd68353fff91155.jpg,176,224,cat-ringworm,0,16,175,215
0db6879c_RWBackq_jpeg.rf.470eee955d7ba829792bf9d5f4dac10b.jpg,224,206,cat-ringworm,51,84,164,180
33_PNG.rf.28b6651133b2adac2c7477a3445ae664.jpg,224,189,cat-ringworm,1,0,223,188
33_PNG.rf.4189568b0abde14a30bf91ff00edebcc.jpg,224,189,cat-ringworm,1,0,223,188
43q_png.rf.55188d97e259f5ee358d33245f81389a.jpg,223,117,cat-ringworm,57,0,178,116
1w_png.rf.361dc1eef430d6f3bbbf12957afadc49.jpg,224,196,cat-ringworm,41,0,158,139
2r_png.rf.527be82d8e338aa40ff233f0ba38b623.jpg,224,179,cat-ringworm,31,20,210,171
46w_png.rf.5951ba46ee62a1be1d52fb100e49bfb9.jpg,224,207,cat-ringworm,2,0,190,206
49q_png.rf.548b86803e1cfbe1c8595a4eb1fa1b36.jpg,224,146,cat-ringworm,0,0,155,135
44_PNG.rf.54370588ea090c77e97a1fadfc48e87f.jpg,224,169,cat-ringworm,50,13,176,168
37_PNG.rf.5d072c6c3baaccf4506bdc996da42463.jpg,224,134,cat-ringworm,24,12,140,103
2a_png.rf.55c39f6ff38623e089ff1baa6aa9d875.jpg,224,146,cat-ringworm,71,3,223,141
2009-2652-Yegar-M-Canis-Catq_jpg.rf.50f2af5391201b18be9c9e327ea3804f.jpg,223,205,cat-ringworm,26,15,204,204
33r_png.rf.5ea072f88439653d02c63df65fd5f2c3.jpg,216,224,cat-ringworm,0,0,206,176
2009-2652-Yegar-M-Canis-Catq_jpg.rf.63afef8b319baa6629d6404bd25793e5.jpg,223,205,cat-ringworm,33,27,179,202
12a_png.rf.5587b7846ac3442414afb35fe7da7997.jpg,224,182,cat-ringworm,12,0,198,181
38t_png.rf.618d82c669e419283afd6cafd403cffe.jpg,224,100,cat-ringworm,17,0,206,93
2_jpg.rf.5e35f1cbab9ae519ce6c4699030d3b80.jpg,162,224,cat-ringworm,0,13,161,204
32qt_png.rf.5df2a6de5d7691631e63ecf8bb16fe1e.jpg,88,224,cat-ringworm,8,34,88,202
43w_png.rf.643fed048ad5a0ace2bc9c4dd4818278.jpg,205,223,cat-ringworm,0,9,204,218
4k_png.rf.60894bbf156653d3f67b85d8120966fb.jpg,224,210,cat-ringworm,22,37,200,189
00c178a207df75148d0925bafa570632718a934f_jpg.rf.517418b696fcbc77f5e68a5eb4c5899a.jpg,224,149,cat-ringworm,58,4,190,139
36u_png.rf.546e203a84025e1d8ec19f29ed97c254.jpg,224,115,cat-ringworm,68,0,171,89
42e_png.rf.4ba0e4b911e2439387b10c46695e24d9.jpg,209,223,cat-ringworm,0,13,202,218
43u_png.rf.657b142607dd0d220926e569c1e7910a.jpg,182,224,cat-ringworm,0,24,178,220
36t_png.rf.5eb350a26659de0591c00ce468928d14.jpg,224,196,cat-ringworm,30,15,167,163
43w_png.rf.6587abf79f09be70225c235ccf239869.jpg,205,223,cat-ringworm,0,1,204,222
33r_png.rf.29ab887059b1e1cb3d4d56f180b8f69c.jpg,215,224,cat-ringworm,0,0,176,203
32qy_png.rf.5fe8f05d13feb552521f9ab97b93dd7f.jpg,136,224,cat-ringworm,20,69,135,184
49q_png.rf.6a9b369ec59aa1ed45f42bb08fd0a76b.jpg,224,146,cat-ringworm,48,0,199,121
12a_png.rf.6dbe509eefbe08b54326bc0c1d2eeff2.jpg,224,182,cat-ringworm,24,15,199,181
33t_png.rf.7d34c8223b02d9fba006a4f3f8148142.jpg,172,224,cat-ringworm,0,60,112,198
36r_png.rf.735c0c48b515934a091cba423de22b50.jpg,133,224,cat-ringworm,0,40,132,190
41_PNG.rf.75e2900a31407174d756a11cb2f11c71.jpg,223,168,cat-ringworm,34,26,171,150
36r_png.rf.78042b9551e3f04a652e1df51f03e0d9.jpg,134,224,cat-ringworm,0,40,132,190
35q_png.rf.81dc4710967af7246f344ccbdfe58539.jpg,138,224,cat-ringworm,4,33,133,216
33u_png.rf.7a75d7ec7289de2e77254d41650b9ae8.jpg,129,224,cat-ringworm,0,38,128,185
49r_png.rf.6c6d21422f98184459d5e704cb357b46.jpg,148,224,cat-ringworm,0,70,145,196
2a_jpg.rf.7eb3f2c0be65df1066b6ed3c620679a5.jpg,161,224,cat-ringworm,0,50,139,181
35q_png.rf.6c09e672ad464a3b6468f8698c4431b6.jpg,138,224,cat-ringworm,0,47,137,183
15a_png.rf.6d8efcd2f0eb3260c07a545ff471e272.jpg,182,224,cat-ringworm,33,0,166,166
0db6879c_RWBack_jpeg.rf.6f44973f95093a1da19d627efc28ea7d.jpg,155,223,cat-ringworm,0,0,152,189
42q_png.rf.798930485bab00a37d3b612ea9499b28.jpg,224,130,cat-ringworm,0,0,223,129
36p_png.rf.890f04948e8e8bee401bc7b31c0a1267.jpg,98,224,cat-ringworm,10,62,97,165
4k_png.rf.85ac6748b4052c413415b4946f0cd1ca.jpg,224,209,cat-ringworm,12,6,197,208
36u_png.rf.8084d9b239b1e3f4c663d9e0b1405b99.jpg,224,116,cat-ringworm,12,1,140,107
2i_png.rf.7505f39567e7097aef88c6e003c0e2b0.jpg,193,224,cat-ringworm,3,8,192,219
43w_png.rf.8325218d91966812fa7971213c0be452.jpg,206,224,cat-ringworm,0,1,204,222
33p_png.rf.75563c613e1214a83e499bf44d76147b.jpg,176,224,cat-ringworm,1,7,170,215
46w_png.rf.858fd471c515d8ec638f9cf9591680a3.jpg,224,207,cat-ringworm,43,4,213,206
33u_png.rf.7ce17cb2da8a0eb9632bfa614bb55c42.jpg,129,224,cat-ringworm,0,0,128,218
43u_png.rf.74a331aef795591a24a0531f956821c8.jpg,182,224,cat-ringworm,15,35,169,209
37y_png.rf.8df80e2e03f6e3415a5f39b0845e12a3.jpg,108,224,cat-ringworm,0,30,105,195
4p_png.rf.900f5094c362e0f258b7263f5311c773.jpg,223,185,cat-ringworm,16,0,222,184
2w_jpg.rf.85e4085e4500c654e9c9a901d9b56571.jpg,150,224,cat-ringworm,8,49,148,211
36q_png.rf.7f56a7ccf99bd2e7673aff23a4784b3b.jpg,206,224,cat-ringworm,41,11,187,181
2009-2652-Yegar-M-Canis-Cafhwas_jpg.rf.890574c562e322860fb7281382785902.jpg,223,205,cat-ringworm,44,0,201,204
12op_png.rf.8849589570a4aacc775af1c9e3bd2c45.jpg,224,210,cat-ringworm,11,18,208,209
44q_png.rf.95b85980a405824a3b7f6c8f8bb9aca5.jpg,224,178,cat-ringworm,23,17,174,177
43_PNG.rf.893e32a2debb1a460e3d47964776e9bf.jpg,166,224,cat-ringworm,24,34,151,158
42_PNG.rf.951786caf60983405994ec9c6d75e9fe.jpg,224,168,cat-ringworm,29,24,185,167
12op_png.rf.8936e197a7ad3b9e4789772577985389.jpg,224,210,cat-ringworm,41,28,201,192
42q_png.rf.9074ed81096b371defe6d2f08d31987a.jpg,224,130,cat-ringworm,42,0,169,129
11jj_png.rf.8e0fe12008b392adf7816210d30e9f6e.jpg,155,224,cat-ringworm,0,30,154,176
2r_png.rf.95d08d79d3fd95d8da33f5119157d6b0.jpg,224,179,cat-ringworm,24,24,182,147
13a_png.rf.9748205edc93c352ddb52c46158e2b56.jpg,156,224,cat-ringworm,0,32,153,222
0db6879c_RWBackq_jpeg.rf.89a761a5b6fe07f05ee1e871e7e8333a.jpg,224,204,cat-ringworm,39,17,166,129
1y_png.rf.97c19f6657e62e34b4eb623ff204146b.jpg,224,192,cat-ringworm,54,13,153,113
33w_png.rf.9451221e691d7c49edebdfc13fb58d3d.jpg,224,220,cat-ringworm,35,53,223,218
33t_png.rf.97c12d0f196ebfa65dfb7e1d16384778.jpg,171,224,cat-ringworm,0,24,120,177
4_PNG.rf.9ac5806f650978f928ed7a133377e25c.jpg,224,213,cat-ringworm,0,4,190,212
2009-2652-Yegar-M-Canis-Cafhw_jpg.rf.8f91a6cdec180df42e1ed66d3f1947d4.jpg,205,223,cat-ringworm,23,0,192,169
4p_png.rf.77bad63359c9710e47aaf3af090cab55.jpg,223,185,cat-ringworm,0,18,201,184
32t_png.rf.988b44be7556fb91cb2d6b3e7d050fe1.jpg,125,224,cat-ringworm,0,61,103,178
15a_png.rf.949c4c66612f52ae496a1e5dc268454c.jpg,180,224,cat-ringworm,26,50,179,201
41_PNG.rf.9bd5773ce5c99ae2c19ce2458755dd1b.jpg,223,168,cat-ringworm,57,10,171,139
36q_png.rf.9f89c7c3b154fb8a1de6ac6b055765db.jpg,206,224,cat-ringworm,23,0,199,191
32qy_png.rf.a391e68e7cf87e1e160e42d62d0dec85.jpg,136,224,cat-ringworm,25,64,135,205
49r_png.rf.a116f16926c3296aa23b659d3afa1cdc.jpg,148,224,cat-ringworm,0,31,146,156
2a_jpg.rf.98eddbfd301e75cf86078d963bd4f96a.jpg,162,224,cat-ringworm,21,41,160,176
33i_png.rf.9de86500deba323bf15d70490cb0dcb9.jpg,201,224,cat-ringworm,0,0,200,220
2u_jpg.rf.b307bab352fdfab176e02f9a600d6cb1.jpg,224,140,cat-ringworm,60,31,166,137
1_PNG.rf.a2fcc6df3f36662b634e30045ed282a2.jpg,194,224,cat-ringworm,64,71,189,206
13a_png.rf.a3b7afc44b533f5bdde54c66bd5ee6fe.jpg,154,224,cat-ringworm,0,25,153,223
4a_png.rf.a2c8b36710750efb95190b13981ef4bf.jpg,224,166,cat-ringworm,0,0,212,164
4k_png.rf.a4a17d6b7d6f62c548aa555f51eb6e36.jpg,224,209,cat-ringworm,15,7,194,207
36_PNG.rf.a9f6d47597219c9be2dfac330a6d38c2.jpg,224,135,cat-ringworm,64,0,170,119
32qt_png.rf.be09ea74792e3fa215ab281dbe855f06.jpg,88,224,cat-ringworm,0,31,87,206
4p_png.rf.a61aa510985b4857e3edb441ef5939be.jpg,223,185,cat-ringworm,28,23,222,185
2_jpg.rf.bae535b93421f884899f76deafbadf04.jpg,162,224,cat-ringworm,0,38,161,190
49w_png.rf.b676892558eac8ba4bba3a8e4310e29f.jpg,148,224,cat-ringworm,0,0,145,172
36_PNG.rf.ab37a3db7d2d9dd75bec006be006ed35.jpg,224,135,cat-ringworm,42,14,161,114
37w_png.rf.aad2b47175df3a368361539c8f3a1f0b.jpg,117,224,cat-ringworm,0,60,94,169
1y_png.rf.b75e5b3097b18be0ec9d543ff26ada3c.jpg,224,192,cat-ringworm,26,45,129,147
36r_png.rf.bec85c2388a3bc5b20130a5895f4ed4b.jpg,133,224,cat-ringworm,0,8,132,197
33q_png.rf.acceb89133997d0c9575fe773107cfb3.jpg,224,120,cat-ringworm,0,0,104,78
1y_png.rf.b6896fdf278706aad3cf8261925f2999.jpg,224,192,cat-ringworm,30,55,128,153
44q_png.rf.c290d87f6e47f8c6ff15c3bb45109740.jpg,224,178,cat-ringworm,46,0,208,165
0db6879c_RWBackq_jpeg.rf.c1eea6bebb3be089ee93cb574ff970ed.jpg,224,204,cat-ringworm,60,83,175,181
33e_png.rf.bf9ba910703f2797192113dcbd9e632a.jpg,140,224,cat-ringworm,0,0,139,202
2o_jpg.rf.aecb3a00b254511f690b48bed6419417.jpg,210,224,cat-ringworm,31,40,186,174
2r_png.rf.c86fecbe0dec50b52aebcdcb04fa7254.jpg,224,180,cat-ringworm,13,19,195,174
12a_png.rf.c31bd96f8a5772ac4d9a658ab8c3ad6d.jpg,224,182,cat-ringworm,15,0,196,181
36t_png.rf.b759c879dabe3a79fe3688a99327aa01.jpg,224,196,cat-ringworm,28,43,178,181
33qw_png.rf.c0954c7eef17997a3c7b6d76c9cd5072.jpg,158,224,cat-ringworm,0,0,157,205
36o_png.rf.ac56bd3f4bfed2495946c6e50878e026.jpg,224,121,cat-ringworm,74,0,171,70
44r_png.rf.a84bf72a6e007f35537e8149ff9ac456.jpg,151,224,cat-ringworm,0,0,150,190
2_jpg.rf.c3e227899d57a04868ea14e8d7362a7f.jpg,162,224,cat-ringworm,0,20,161,211
33p_png.rf.c80ac92aaa72c4247bc495c83e48ae9d.jpg,178,224,cat-ringworm,0,14,175,206
37_PNG.rf.c4ff0f2cfa7c71d6aecc11163cf0539e.jpg,224,133,cat-ringworm,63,0,150,92
33u_png.rf.a457c2b1ad3f1558c7bcbb598b75c41f.jpg,130,224,cat-ringworm,0,6,128,223
32qw_png.rf.d79cbc9c150fbb8d122fe71d7645647d.jpg,178,224,cat-ringworm,0,36,154,194
13a_png.rf.b31488ed76351d98d9a6348730f07275.jpg,154,224,cat-ringworm,0,23,153,202
2009-2652-Yegar-M-Canis-Catq_jpg.rf.c43543667de61a9c4d9b517e349425cf.jpg,223,205,cat-ringworm,25,14,205,204
33t_png.rf.cded48c1f02fce0e4742941382402d79.jpg,172,224,cat-ringworm,44,12,170,169
1a_png.rf.c9f561eab07e8efdd167189440052fb6.jpg,220,224,cat-ringworm,40,17,218,172
43t_png.rf.dc057f28dae80e91164edebfe68ae405.jpg,224,193,cat-ringworm,0,0,223,192
2a_png.rf.d7d9c29548c743149e690f5face0b2af.jpg,224,148,cat-ringworm,0,2,155,144
49r_png.rf.ca562d833cb6d4d2cc87653d98432abb.jpg,146,224,cat-ringworm,18,39,145,223
0db6879c_RWBacka_jpeg.rf.d2e505476cc3f1b60d8259931cdb242f.jpg,224,185,cat-ringworm,59,73,152,156
33qt_png.rf.ce0925fbe0c98dc24bf86f895645a11a.jpg,148,224,cat-ringworm,0,37,147,196
2a_jpg.rf.d35ad95d52236ebcc2468d7d9a0c2313.jpg,161,224,cat-ringworm,32,58,160,167
1t_png.rf.cc0bb02cf74fbaaf3c5eefd641dba285.jpg,224,147,cat-ringworm,40,26,154,123
38t_png.rf.d8f2a25eaf60ebdc0fbc565ec67dee0f.jpg,224,102,cat-ringworm,16,0,208,100
2009-2652-Yegar-M-Canis-Cafhwas_jpg.rf.dcf7e7ae0b1f52098547faab5f6a76a3.jpg,223,205,cat-ringworm,42,1,202,204
44r_png.rf.d67f57373065aed8d9a8ad8af065c261.jpg,151,224,cat-ringworm,0,21,150,223
37w_png.rf.d8e8d561c546a1ff6e23dce42afb2700.jpg,117,224,cat-ringworm,10,83,112,223
4_PNG.rf.d6f56f7e64f8d158f299e881dbd368ad.jpg,224,213,cat-ringworm,0,0,206,212
12op_png.rf.de29d1fe5c8e7ef55f2d72bed5add624.jpg,224,210,cat-ringworm,24,33,191,196
2w_jpg.rf.dcd6cd6720cdb771dc9ececc2fecb185.jpg,149,224,cat-ringworm,21,52,148,180
35q_png.rf.da1981642d04d5328f4d0c920e3c0e16.jpg,138,224,cat-ringworm,11,37,123,211
44_PNG.rf.df408dc32a054de85e3d55ebfea0f848.jpg,224,169,cat-ringworm,54,14,176,166
11a_png.rf.ae89867ce2a64963cba1c795f85b2310.jpg,180,224,cat-ringworm,0,39,118,202
36_PNG.rf.df7e212d4a6693e2fdce83a3c246725e.jpg,224,135,cat-ringworm,60,10,184,117
44r_png.rf.dd1152ad26cf896921dde071301887bc.jpg,152,224,cat-ringworm,0,25,150,201
44_PNG.rf.e111a00f079d9751c8a76e06c8d7970a.jpg,224,169,cat-ringworm,40,20,197,150
36o_png.rf.e20f2edfebeae51e2d1ac26e1b99013f.jpg,224,121,cat-ringworm,74,0,165,65
4a_png.rf.e041f4f9de73488c0973f866f5395d5d.jpg,224,166,cat-ringworm,11,0,213,164
32qw_png.rf.e2d291cdfdd3984b212a652450e769df.jpg,180,224,cat-ringworm,11,51,160,204
